scenario,district,run_id,total_items,items_reused,items_collected,reuse_rate,avg_time_to_reuse,avg_time_to_collection,avg_queue_length,max_queue_length,total_co2_kg
baseline,Mitte,0,1913,72,1820,0.03763721902770518,1.5033183706976687,5.065509090899262,606.6666666666666,1213,4550.0
baseline,Mitte,1,1824,59,1736,0.03234649122807018,1.1622814425646177,5.068668003132666,578.6666666666666,1157,4340.0
baseline,Mitte,2,1888,60,1791,0.03177966101694915,1.1876473022588276,4.897366458797352,597.0,1194,4477.5
baseline,Mitte,3,1831,64,1748,0.034953577280174765,1.2195510571647834,4.773270764343716,582.6666666666666,1165,4370.0
baseline,Mitte,4,1889,78,1788,0.04129168872419269,1.3207063186388917,5.0916795343010515,596.0,1192,4470.0
baseline,Mitte,5,1853,59,1763,0.03184025903939557,1.2605791844908676,5.047995645954066,587.6666666666666,1175,4407.5
baseline,Mitte,6,1910,64,1822,0.033507853403141365,1.4991312032243296,4.909990782133923,607.3333333333334,1214,4555.0
baseline,Mitte,7,1900,57,1812,0.03,1.4134348189341535,5.265475454137948,604.0,1208,4530.0
baseline,Mitte,8,1855,80,1741,0.0431266846361186,1.4251428721744601,4.779829353413738,580.3333333333334,1160,4352.5
baseline,Mitte,9,1793,62,1707,0.03457891801450084,1.175581841585538,4.9754831887579565,569.0,1138,4267.5
baseline,Friedrichshain-Kreuzberg,0,1795,74,1698,0.041225626740947076,1.196950452086382,5.05269952754342,566.0,1132,4245.0
baseline,Friedrichshain-Kreuzberg,1,1826,68,1737,0.03723986856516977,1.3065510779734608,4.8110872904642745,579.0,1158,4342.5
baseline,Friedrichshain-Kreuzberg,2,1779,68,1686,0.03822372119168072,1.8854211271519612,5.0602836569175205,562.0,1124,4215.0
baseline,Friedrichshain-Kreuzberg,3,1806,62,1722,0.03433001107419712,1.469560615880056,5.259193970121121,574.0,1148,4305.0
baseline,Friedrichshain-Kreuzberg,4,1872,55,1798,0.02938034188034188,1.6802522382147882,5.00698580373937,599.3333333333334,1198,4495.0
baseline,Friedrichshain-Kreuzberg,5,1804,67,1713,0.03713968957871397,1.4210034781937684,5.166811261874411,571.0,1142,4282.5
baseline,Friedrichshain-Kreuzberg,6,1791,67,1705,0.03740926856504746,1.3653494589002342,4.898033675830219,568.3333333333334,1136,4262.5
baseline,Friedrichshain-Kreuzberg,7,1812,84,1708,0.046357615894039736,1.422478455020587,5.2612344047495965,569.3333333333334,1138,4270.0
baseline,Friedrichshain-Kreuzberg,8,1809,52,1721,0.028745163073521283,1.3963207724301845,5.157573686211125,573.6666666666666,1147,4302.5
baseline,Friedrichshain-Kreuzberg,9,1847,73,1751,0.03952355170546833,1.2568235388247617,4.949284863142595,583.6666666666666,1167,4377.5
baseline,Pankow,0,1813,68,1725,0.03750689464975179,1.5394890068084317,5.06533447372633,575.0,1150,4312.5
baseline,Pankow,1,1786,64,1698,0.03583426651735722,1.243639166514503,5.168351953696247,566.0,1132,4245.0
baseline,Pankow,2,1729,68,1635,0.03932909196067091,1.3973373550618504,4.989453775397287,545.0,1090,4087.5
baseline,Pankow,3,1766,60,1693,0.03397508493771234,1.2486635550834781,4.8662847181233095,564.3333333333334,1128,4232.5
baseline,Pankow,4,1849,60,1764,0.03244997295835587,1.3274130817854337,5.046977624861485,588.0,1176,4410.0
baseline,Pankow,5,1760,57,1678,0.03238636363636364,1.2077246281888077,5.204584466270542,559.3333333333334,1118,4195.0
baseline,Pankow,6,1867,70,1767,0.037493304767005894,1.714308529289152,5.051619082172589,589.0,1178,4417.5
baseline,Pankow,7,1835,61,1743,0.0332425068119891,1.5253995147112471,5.055848817220072,581.0,1162,4357.5
baseline,Pankow,8,1790,64,1700,0.035754189944134075,1.6719478444513225,5.048696197835377,566.6666666666666,1133,4250.0
baseline,Pankow,9,1880,67,1783,0.03563829787234043,1.3769530718184824,5.088380374153217,594.3333333333334,1188,4457.5
baseline,Charlottenburg-Wilmersdorf,0,1882,67,1786,0.035600425079702444,1.1182303514175833,5.056138104735543,595.3333333333334,1190,4465.0
baseline,Charlottenburg-Wilmersdorf,1,1815,41,1752,0.022589531680440773,1.771475728741337,4.889126603537587,584.0,1168,4380.0
baseline,Charlottenburg-Wilmersdorf,2,1872,57,1787,0.030448717948717948,1.2851927922646729,5.012329763862934,595.6666666666666,1191,4467.5
baseline,Charlottenburg-Wilmersdorf,3,1788,70,1697,0.039149888143176735,1.6321698540464171,5.055520922834034,565.6666666666666,1131,4242.5
baseline,Charlottenburg-Wilmersdorf,4,1876,58,1800,0.03091684434968017,1.5335026796377997,5.171268885759218,600.0,1200,4500.0
baseline,Charlottenburg-Wilmersdorf,5,1847,66,1759,0.035733622089875475,1.1159068580501141,4.961899485063828,586.3333333333334,1172,4397.5
baseline,Charlottenburg-Wilmersdorf,6,1837,87,1730,0.04735982580293958,1.5329020896320942,4.958580550118902,576.6666666666666,1153,4325.0
baseline,Charlottenburg-Wilmersdorf,7,1846,66,1756,0.035752979414951244,1.6045157207701972,4.90917833498002,585.3333333333334,1170,4390.0
baseline,Charlottenburg-Wilmersdorf,8,1797,82,1699,0.045631608235948806,1.4895254228686414,4.872801055730813,566.3333333333334,1132,4247.5
baseline,Charlottenburg-Wilmersdorf,9,1814,81,1708,0.044652701212789414,1.4460057877889054,5.205934167138736,569.3333333333334,1138,4270.0
baseline,Spandau,0,1890,64,1809,0.033862433862433865,1.6703547386054567,4.96379322365664,603.0,1206,4522.5
baseline,Spandau,1,1836,69,1751,0.03758169934640523,1.1473709797229565,5.015249272492211,583.6666666666666,1167,4377.5
baseline,Spandau,2,1861,77,1755,0.04137560451370231,1.7142706026577783,5.185510812167744,585.0,1170,4387.5
baseline,Spandau,3,1806,68,1711,0.03765227021040975,1.415596022317436,4.82022655123879,570.3333333333334,1140,4277.5
baseline,Spandau,4,1792,57,1712,0.03180803571428571,1.2280172130768623,5.298721048413645,570.6666666666666,1141,4280.0
baseline,Spandau,5,1765,54,1684,0.03059490084985836,1.6786092949830171,4.890381460107004,561.3333333333334,1122,4210.0
baseline,Spandau,6,1870,75,1770,0.040106951871657755,1.3517085313563595,5.128276069530229,590.0,1180,4425.0
baseline,Spandau,7,1793,66,1713,0.03680981595092025,1.1730380469218855,4.993131478942712,571.0,1142,4282.5
baseline,Spandau,8,1846,61,1756,0.03304442036836403,1.3993870087356308,4.80758809670393,585.3333333333334,1170,4390.0
baseline,Spandau,9,1823,76,1708,0.041689522764673616,1.335668999172279,4.797299581199025,569.3333333333334,1138,4270.0
baseline,Steglitz-Zehlendorf,0,1796,53,1713,0.02951002227171492,1.2076830519184178,5.199249398825362,571.0,1142,4282.5
baseline,Steglitz-Zehlendorf,1,1802,67,1709,0.03718091009988901,1.3212060447471554,5.356837218140747,569.6666666666666,1139,4272.5
baseline,Steglitz-Zehlendorf,2,1848,75,1741,0.040584415584415584,1.234282713153978,5.082065815417864,580.3333333333334,1160,4352.5
baseline,Steglitz-Zehlendorf,3,1860,63,1774,0.03387096774193549,1.361544544779945,4.966319900115927,591.3333333333334,1182,4435.0
baseline,Steglitz-Zehlendorf,4,1779,62,1697,0.03485103991006183,1.6685498136779255,4.747462614229222,565.6666666666666,1131,4242.5
baseline,Steglitz-Zehlendorf,5,1804,60,1725,0.03325942350332594,1.5939917054260528,5.061684185977977,575.0,1150,4312.5
baseline,Steglitz-Zehlendorf,6,1815,63,1723,0.03471074380165289,1.3311222668260612,5.140694343867784,574.3333333333334,1148,4307.5
baseline,Steglitz-Zehlendorf,7,1844,75,1745,0.04067245119305857,1.5477787446373188,5.001454758137329,581.6666666666666,1163,4362.5
baseline,Steglitz-Zehlendorf,8,1861,70,1765,0.037614185921547555,1.4132629508996022,4.951800434814298,588.3333333333334,1176,4412.5
baseline,Steglitz-Zehlendorf,9,1812,58,1724,0.03200883002207505,1.4435210973483952,5.055935133738669,574.6666666666666,1149,4310.0
baseline,Tempelhof-Schöneberg,0,1791,71,1706,0.039642657733109994,1.3138423523149967,5.003603238836667,568.6666666666666,1137,4265.0
baseline,Tempelhof-Schöneberg,1,1762,71,1670,0.04029511918274688,1.3800437001498798,4.97465419067518,556.6666666666666,1113,4175.0
baseline,Tempelhof-Schöneberg,2,1885,69,1788,0.03660477453580902,1.196600136871141,5.287974729316267,596.0,1192,4470.0
baseline,Tempelhof-Schöneberg,3,1780,87,1680,0.04887640449438202,1.1303311897556494,4.884524138662326,560.0,1120,4200.0
baseline,Tempelhof-Schöneberg,4,1802,61,1722,0.033851276359600446,1.263005473569906,5.0489386712784325,574.0,1148,4305.0
baseline,Tempelhof-Schöneberg,5,1818,53,1738,0.029152915291529153,1.6232660957345957,5.2454285420123785,579.3333333333334,1158,4345.0
baseline,Tempelhof-Schöneberg,6,1789,60,1707,0.03353828954723309,1.4673220615094975,5.267648803540813,569.0,1138,4267.5
baseline,Tempelhof-Schöneberg,7,1838,60,1764,0.03264417845484222,1.2885125329558451,5.02645790013452,588.0,1176,4410.0
baseline,Tempelhof-Schöneberg,8,1776,62,1688,0.03490990990990991,1.3081605884669907,5.0668065258080075,562.6666666666666,1125,4220.0
baseline,Tempelhof-Schöneberg,9,1904,62,1818,0.032563025210084036,1.6304047335903666,4.929200382839453,606.0,1212,4545.0
baseline,Neukölln,0,1801,67,1711,0.03720155469183787,1.4326803010494387,4.875181805214582,570.3333333333334,1140,4277.5
baseline,Neukölln,1,1874,69,1778,0.0368196371398079,1.4359944661832833,4.745084872047976,592.6666666666666,1185,4445.0
baseline,Neukölln,2,1839,71,1741,0.03860793909733551,1.6343986208085772,5.031350765770288,580.3333333333334,1160,4352.5
baseline,Neukölln,3,1857,58,1783,0.031233171782444804,1.527635216136157,5.248035165702864,594.3333333333334,1188,4457.5
baseline,Neukölln,4,1847,64,1753,0.034650785056848946,1.5622288519913403,5.069449433219257,584.3333333333334,1168,4382.5
baseline,Neukölln,5,1784,66,1693,0.03699551569506727,1.675844902430195,4.846061397783305,564.3333333333334,1128,4232.5
baseline,Neukölln,6,1739,60,1665,0.034502587694077054,1.5080088071010749,4.928597792724568,555.0,1110,4162.5
baseline,Neukölln,7,1856,57,1760,0.030711206896551723,1.6905817176543105,4.864003477488285,586.6666666666666,1173,4400.0
baseline,Neukölln,8,1758,70,1668,0.03981797497155859,1.3407755767931946,5.085558242588702,556.0,1112,4170.0
baseline,Neukölln,9,1862,48,1788,0.02577873254564984,1.6894110478207065,5.070509164715558,596.0,1192,4470.0
baseline,Treptow-Köpenick,0,1793,59,1698,0.03290574456218628,1.4257233166087995,4.979715743988968,566.0,1132,4245.0
baseline,Treptow-Köpenick,1,1796,62,1705,0.034521158129175944,1.62170475456745,4.9653464823462405,568.3333333333334,1136,4262.5
baseline,Treptow-Köpenick,2,1803,63,1715,0.03494176372712146,1.4360461543892873,5.093450373512011,571.6666666666666,1143,4287.5
baseline,Treptow-Köpenick,3,1812,62,1728,0.03421633554083885,1.456091747562469,5.033294574876453,576.0,1152,4320.0
baseline,Treptow-Köpenick,4,1838,56,1757,0.030467899891186073,1.5777781122018997,5.045484465267264,585.6666666666666,1171,4392.5
baseline,Treptow-Köpenick,5,1817,70,1721,0.03852504127682994,1.3361875944003172,5.034176190647746,573.6666666666666,1147,4302.5
baseline,Treptow-Köpenick,6,1709,67,1626,0.03920421299005266,1.3647637751531163,4.890192997987119,542.0,1084,4065.0
baseline,Treptow-Köpenick,7,1803,75,1701,0.04159733777038269,1.3753864746382691,4.862787062023942,567.0,1134,4252.5
baseline,Treptow-Köpenick,8,1779,67,1689,0.03766160764474424,1.2614254575259405,4.836866846423535,563.0,1126,4222.5
baseline,Treptow-Köpenick,9,1796,75,1701,0.04175946547884187,1.3689429215523528,4.955383816020694,567.0,1134,4252.5
baseline,Marzahn-Hellersdorf,0,1832,70,1729,0.03820960698689956,1.3038557667844008,5.094568874260251,576.3333333333334,1152,4322.5
baseline,Marzahn-Hellersdorf,1,1879,70,1789,0.03725385843533795,1.4405046552579064,5.028031464405783,596.3333333333334,1192,4472.5
baseline,Marzahn-Hellersdorf,2,1836,51,1759,0.027777777777777776,1.7419944149287636,5.186638237511766,586.3333333333334,1172,4397.5
baseline,Marzahn-Hellersdorf,3,1767,73,1671,0.041312959818902095,1.2341190386713794,4.837403187839578,557.0,1114,4177.5
baseline,Marzahn-Hellersdorf,4,1891,64,1800,0.033844526705446853,1.1518546920094133,4.909544167645309,600.0,1200,4500.0
baseline,Marzahn-Hellersdorf,5,1775,71,1673,0.04,1.2670342547210973,5.0871724729765395,557.6666666666666,1115,4182.5
baseline,Marzahn-Hellersdorf,6,1782,62,1688,0.03479236812570146,1.0113597747724437,5.079674206809236,562.6666666666666,1125,4220.0
baseline,Marzahn-Hellersdorf,7,1868,68,1769,0.03640256959314775,1.4070091143771046,5.105830677610349,589.6666666666666,1179,4422.5
baseline,Marzahn-Hellersdorf,8,1830,58,1747,0.03169398907103825,1.7321398074565568,4.989244542098831,582.3333333333334,1164,4367.5
baseline,Marzahn-Hellersdorf,9,1840,70,1749,0.03804347826086957,1.277092249640616,5.048587623302438,583.0,1166,4372.5
baseline,Lichtenberg,0,1833,68,1742,0.03709765411893071,1.460112062314316,4.999286991403252,580.6666666666666,1161,4355.0
baseline,Lichtenberg,1,1911,67,1821,0.03506017791732077,1.350830848808653,4.943628207885562,607.0,1214,4552.5
baseline,Lichtenberg,2,1817,71,1724,0.03907539900935608,1.4770586611337815,5.235967629710766,574.6666666666666,1149,4310.0
baseline,Lichtenberg,3,1831,69,1732,0.037684325505188423,1.3498319856781156,5.099023089764355,577.3333333333334,1154,4330.0
baseline,Lichtenberg,4,1819,63,1727,0.034634414513468936,1.5895462922376382,4.939841463653411,575.6666666666666,1151,4317.5
baseline,Lichtenberg,5,1803,61,1712,0.03383250138657792,1.4129588988866353,4.740726061584449,570.6666666666666,1141,4280.0
baseline,Lichtenberg,6,1847,69,1760,0.03735787763941527,1.613232963448617,5.132529180887006,586.6666666666666,1173,4400.0
baseline,Lichtenberg,7,1809,72,1713,0.03980099502487562,1.328417208869985,5.112178954138109,571.0,1142,4282.5
baseline,Lichtenberg,8,1820,60,1735,0.03296703296703297,1.2858971759891071,5.16941305976906,578.3333333333334,1156,4337.5
baseline,Lichtenberg,9,1844,55,1761,0.02982646420824295,1.4645490673313661,5.027709515866909,587.0,1174,4402.5
baseline,Reinickendorf,0,1747,62,1675,0.035489410417859184,1.531058854109806,4.797397516561282,558.3333333333334,1116,4187.5
baseline,Reinickendorf,1,1839,52,1768,0.028276237085372486,1.3762592252076244,5.177711969923074,589.3333333333334,1178,4420.0
baseline,Reinickendorf,2,1768,59,1677,0.0333710407239819,1.4558588309567373,5.063961744725678,559.0,1118,4192.5
baseline,Reinickendorf,3,1819,63,1744,0.034634414513468936,1.4185019165654829,4.963326673261435,581.3333333333334,1162,4360.0
baseline,Reinickendorf,4,1916,69,1805,0.0360125260960334,1.4788731106728261,4.926155754839905,601.6666666666666,1203,4512.5
baseline,Reinickendorf,5,1876,67,1779,0.03571428571428571,1.3387874596761888,5.004161415159034,593.0,1186,4447.5
baseline,Reinickendorf,6,1853,75,1751,0.040474905558553695,1.5206219082312231,4.901595566049374,583.6666666666666,1167,4377.5
baseline,Reinickendorf,7,1843,74,1742,0.040151926207270754,1.6110563097830357,5.009337965907769,580.6666666666666,1161,4355.0
baseline,Reinickendorf,8,1812,56,1737,0.03090507726269316,1.5892841783942226,5.2260472406530845,579.0,1158,4342.5
baseline,Reinickendorf,9,1870,60,1793,0.03208556149732621,1.5730566358274354,5.0988828471366086,597.6666666666666,1195,4482.5
pessimistic,Mitte,0,1767,129,1614,0.0730050933786078,1.352579437381654,5.103888533834302,538.0,1076,4035.0
pessimistic,Mitte,1,1817,143,1656,0.0787011557512383,1.2274228703855832,4.914313304501367,552.0,1104,4140.0
pessimistic,Mitte,2,1860,152,1681,0.08172043010752689,1.2143745304806663,4.683676901567417,560.3333333333334,1120,4202.5
pessimistic,Mitte,3,1795,123,1650,0.06852367688022284,1.533569328290317,5.171510534227853,550.0,1100,4125.0
pessimistic,Mitte,4,1822,122,1674,0.06695938529088913,1.4708520063046238,4.935701749624993,558.0,1116,4185.0
pessimistic,Mitte,5,1725,134,1566,0.07768115942028986,1.4421075600203728,5.048490476919224,522.0,1044,3915.0
pessimistic,Mitte,6,1831,150,1657,0.0819224467504096,1.518503949462718,5.097658061047171,552.3333333333334,1104,4142.5
pessimistic,Mitte,7,1884,150,1715,0.07961783439490445,1.4864624850130737,4.958700053753232,571.6666666666666,1143,4287.5
pessimistic,Mitte,8,1822,151,1642,0.08287596048298573,1.3655590995812483,4.987474400292221,547.3333333333334,1094,4105.0
pessimistic,Mitte,9,1775,138,1622,0.07774647887323943,1.4107918738192018,5.026249326173859,540.6666666666666,1081,4055.0
pessimistic,Friedrichshain-Kreuzberg,0,1783,129,1634,0.0723499719573752,1.7151506553083848,5.033440872945542,544.6666666666666,1089,4085.0
pessimistic,Friedrichshain-Kreuzberg,1,1808,129,1659,0.0713495575221239,1.588095442994496,4.98934535503931,553.0,1106,4147.5
pessimistic,Friedrichshain-Kreuzberg,2,1923,159,1740,0.08268330733229329,1.5187664590086347,4.815006549742558,580.0,1160,4350.0
pessimistic,Friedrichshain-Kreuzberg,3,1853,134,1695,0.07231516459794927,1.3651512880850163,4.982954085664616,565.0,1130,4237.5
pessimistic,Friedrichshain-Kreuzberg,4,1855,117,1716,0.06307277628032346,1.5926312177603685,4.896159947581937,572.0,1144,4290.0
pessimistic,Friedrichshain-Kreuzberg,5,1848,130,1702,0.07034632034632035,1.4326821599486592,4.89131077762919,567.3333333333334,1134,4255.0
pessimistic,Friedrichshain-Kreuzberg,6,1830,153,1647,0.08360655737704918,1.4540337413116533,4.856496696382997,549.0,1098,4117.5
pessimistic,Friedrichshain-Kreuzberg,7,1820,147,1650,0.08076923076923077,1.417953183238283,5.061978730285093,550.0,1100,4125.0
pessimistic,Friedrichshain-Kreuzberg,8,1883,164,1688,0.08709506107275625,1.2898046570074948,4.977068420006863,562.6666666666666,1125,4220.0
pessimistic,Friedrichshain-Kreuzberg,9,1876,127,1734,0.06769722814498934,1.4787334543364121,5.065774454829065,578.0,1156,4335.0
pessimistic,Pankow,0,1858,130,1700,0.06996770721205597,1.5210163727718635,4.961077329965289,566.6666666666666,1133,4250.0
pessimistic,Pankow,1,1913,166,1720,0.08677469942498693,1.213620815685356,5.123904195481184,573.3333333333334,1146,4300.0
pessimistic,Pankow,2,1857,141,1691,0.07592891760904685,1.4418686952516215,4.842032276134832,563.6666666666666,1127,4227.5
pessimistic,Pankow,3,1872,136,1715,0.07264957264957266,1.3124100361108155,4.998902595827269,571.6666666666666,1143,4287.5
pessimistic,Pankow,4,1861,124,1712,0.06663084363245567,1.2712712085016755,4.968906465978921,570.6666666666666,1141,4280.0
pessimistic,Pankow,5,1829,140,1664,0.07654455986878075,1.5240341158792874,4.873489991386987,554.6666666666666,1109,4160.0
pessimistic,Pankow,6,1762,117,1623,0.06640181611804767,1.2771978025565718,4.892116264989632,541.0,1082,4057.5
pessimistic,Pankow,7,1802,124,1657,0.06881243063263041,1.4235071300326387,4.969666760256638,552.3333333333334,1104,4142.5
pessimistic,Pankow,8,1783,140,1622,0.07851934941110487,1.6187054172018551,4.991388724328925,540.6666666666666,1081,4055.0
pessimistic,Pankow,9,1891,148,1720,0.07826546800634585,1.4559117223653757,4.90189590256851,573.3333333333334,1146,4300.0
pessimistic,Charlottenburg-Wilmersdorf,0,1794,117,1657,0.06521739130434782,1.297744584469127,4.93022457421191,552.3333333333334,1104,4142.5
pessimistic,Charlottenburg-Wilmersdorf,1,1846,130,1690,0.07042253521126761,1.2952404634571504,4.935282748226364,563.3333333333334,1126,4225.0
pessimistic,Charlottenburg-Wilmersdorf,2,1729,135,1563,0.07807981492192019,1.4918074734624054,4.727346666918586,521.0,1042,3907.5
pessimistic,Charlottenburg-Wilmersdorf,3,1796,126,1648,0.07015590200445435,1.2112032082023287,4.911937674042027,549.3333333333334,1098,4120.0
pessimistic,Charlottenburg-Wilmersdorf,4,1855,122,1707,0.06576819407008086,1.3428042258808919,4.875878490542243,569.0,1138,4267.5
pessimistic,Charlottenburg-Wilmersdorf,5,1834,134,1677,0.07306434023991276,1.253522187547616,5.118572332149606,559.0,1118,4192.5
pessimistic,Charlottenburg-Wilmersdorf,6,1819,124,1674,0.06816932380428807,1.4909882594546362,4.960370518247855,558.0,1116,4185.0
pessimistic,Charlottenburg-Wilmersdorf,7,1827,128,1677,0.07006020799124248,1.4340606257005941,4.874663096169753,559.0,1118,4192.5
pessimistic,Charlottenburg-Wilmersdorf,8,1843,143,1673,0.07759088442756376,1.411529803325772,4.888847592380881,557.6666666666666,1115,4182.5
pessimistic,Charlottenburg-Wilmersdorf,9,1830,142,1664,0.07759562841530054,1.2455579369771685,4.959648943701007,554.6666666666666,1109,4160.0
pessimistic,Spandau,0,1808,126,1652,0.06969026548672566,1.3618168542176046,4.982305613773704,550.6666666666666,1101,4130.0
pessimistic,Spandau,1,1829,133,1672,0.07271733187534171,1.4129357285583362,4.969442646701726,557.3333333333334,1114,4180.0
pessimistic,Spandau,2,1855,124,1709,0.06684636118598383,1.30407893261898,5.038818067268277,569.6666666666666,1139,4272.5
pessimistic,Spandau,3,1845,124,1694,0.06720867208672086,1.32504321020326,5.112878567084978,564.6666666666666,1129,4235.0
pessimistic,Spandau,4,1841,146,1659,0.07930472569255839,1.5927395209256798,4.945898863954883,553.0,1106,4147.5
pessimistic,Spandau,5,1709,121,1572,0.07080163838502047,1.4784446680444545,4.790005383996926,524.0,1048,3930.0
pessimistic,Spandau,6,1780,140,1611,0.07865168539325842,1.3669804502801892,5.19932345685167,537.0,1074,4027.5
pessimistic,Spandau,7,1827,130,1670,0.07115489874110564,1.4222583063042604,4.764182789726783,556.6666666666666,1113,4175.0
pessimistic,Spandau,8,1859,134,1700,0.0720817643894567,1.4690159623167098,4.799220582416462,566.6666666666666,1133,4250.0
pessimistic,Spandau,9,1805,123,1653,0.06814404432132964,1.3632860617723486,5.310253514929483,551.0,1102,4132.5
pessimistic,Steglitz-Zehlendorf,0,1805,119,1655,0.06592797783933518,1.5186607298479968,5.060481660213731,551.6666666666666,1103,4137.5
pessimistic,Steglitz-Zehlendorf,1,1819,130,1664,0.07146783947223749,1.3439984472265472,4.983901646474545,554.6666666666666,1109,4160.0
pessimistic,Steglitz-Zehlendorf,2,1825,124,1683,0.06794520547945206,1.3232252187839515,4.87627105400781,561.0,1122,4207.5
pessimistic,Steglitz-Zehlendorf,3,1785,106,1658,0.05938375350140056,1.5604217789117134,4.921849318348636,552.6666666666666,1105,4145.0
pessimistic,Steglitz-Zehlendorf,4,1831,144,1662,0.07864554888039323,1.5217215936082793,4.945450745609543,554.0,1108,4155.0
pessimistic,Steglitz-Zehlendorf,5,1811,128,1666,0.0706791827719492,1.501281071311058,5.1982025606583635,555.3333333333334,1110,4165.0
pessimistic,Steglitz-Zehlendorf,6,1885,144,1718,0.07639257294429708,1.4386435002191043,4.949481731377426,572.6666666666666,1145,4295.0
pessimistic,Steglitz-Zehlendorf,7,1868,140,1701,0.07494646680942184,1.3826350556742393,5.295045782596623,567.0,1134,4252.5
pessimistic,Steglitz-Zehlendorf,8,1917,155,1729,0.08085550339071466,1.3061758077272672,4.954332416071205,576.3333333333334,1152,4322.5
pessimistic,Steglitz-Zehlendorf,9,1795,133,1636,0.07409470752089137,1.3465679077648787,4.842972652060808,545.3333333333334,1090,4090.0
pessimistic,Tempelhof-Schöneberg,0,1863,138,1703,0.07407407407407407,1.3390589919046167,4.909957988233986,567.6666666666666,1135,4257.5
pessimistic,Tempelhof-Schöneberg,1,1845,148,1675,0.08021680216802168,1.4460180434471495,4.955707827420976,558.3333333333334,1116,4187.5
pessimistic,Tempelhof-Schöneberg,2,1775,116,1637,0.06535211267605634,1.381685804417162,4.828408690122642,545.6666666666666,1091,4092.5
pessimistic,Tempelhof-Schöneberg,3,1815,130,1654,0.07162534435261708,1.2666575866345307,4.965687367165036,551.3333333333334,1102,4135.0
pessimistic,Tempelhof-Schöneberg,4,1715,148,1547,0.08629737609329446,1.5056526966661248,4.747678789907734,515.6666666666666,1031,3867.5
pessimistic,Tempelhof-Schöneberg,5,1810,140,1640,0.07734806629834254,1.215927157771194,4.937370971572187,546.6666666666666,1093,4100.0
pessimistic,Tempelhof-Schöneberg,6,1732,139,1568,0.0802540415704388,1.4156960989155318,4.840011114818644,522.6666666666666,1045,3920.0
pessimistic,Tempelhof-Schöneberg,7,1801,135,1643,0.07495835646862854,1.4252644899741187,4.87921123392825,547.6666666666666,1095,4107.5
pessimistic,Tempelhof-Schöneberg,8,1919,150,1745,0.0781657113079729,1.2901938464022518,4.926648648939255,581.6666666666666,1163,4362.5
pessimistic,Tempelhof-Schöneberg,9,1797,143,1627,0.07957707289927657,1.384197029918358,4.891821471220372,542.3333333333334,1084,4067.5
pessimistic,Neukölln,0,1873,142,1702,0.07581420181526963,1.6564571393461847,5.138259436986316,567.3333333333334,1134,4255.0
pessimistic,Neukölln,1,1789,141,1624,0.07881498043599776,1.3827295224378804,4.8767973649041245,541.3333333333334,1082,4060.0
pessimistic,Neukölln,2,1761,131,1604,0.07438955139125497,1.3105213028520408,4.960272630111683,534.6666666666666,1069,4010.0
pessimistic,Neukölln,3,1807,121,1661,0.06696181516325402,1.3138977335467013,4.925306938390696,553.6666666666666,1107,4152.5
pessimistic,Neukölln,4,1858,145,1692,0.07804090419806244,1.2836891770975716,4.807861527088813,564.0,1128,4230.0
pessimistic,Neukölln,5,1777,140,1606,0.07878446820483961,1.4418511962075062,5.074251400842362,535.3333333333334,1070,4015.0
pessimistic,Neukölln,6,1800,130,1648,0.07222222222222222,1.5347468228302628,4.934421565249257,549.3333333333334,1098,4120.0
pessimistic,Neukölln,7,1935,166,1745,0.08578811369509044,1.4102926384529206,5.026306862898493,581.6666666666666,1163,4362.5
pessimistic,Neukölln,8,1868,152,1687,0.08137044967880086,1.2852019918828657,4.99060803653084,562.3333333333334,1124,4217.5
pessimistic,Neukölln,9,1767,141,1608,0.07979626485568761,1.583661294449256,5.149082648295473,536.0,1072,4020.0
pessimistic,Treptow-Köpenick,0,1800,143,1636,0.07944444444444444,1.5820876593201971,4.986730883350227,545.3333333333334,1090,4090.0
pessimistic,Treptow-Köpenick,1,1773,134,1612,0.07557811618725324,1.3536452948318993,4.979397959989693,537.3333333333334,1074,4030.0
pessimistic,Treptow-Köpenick,2,1809,141,1648,0.0779436152570481,1.4435438389930373,4.972352248569021,549.3333333333334,1098,4120.0
pessimistic,Treptow-Köpenick,3,1904,138,1746,0.07247899159663866,1.4761451237834053,5.073908057547439,582.0,1164,4365.0
pessimistic,Treptow-Köpenick,4,1799,142,1633,0.07893274041133963,1.1627098107724791,4.845956860119645,544.3333333333334,1088,4082.5
pessimistic,Treptow-Köpenick,5,1828,125,1678,0.06838074398249452,1.5732494506584773,5.1399097507034925,559.3333333333334,1118,4195.0
pessimistic,Treptow-Köpenick,6,1876,146,1706,0.07782515991471216,1.3486480178385643,4.866201222202038,568.6666666666666,1137,4265.0
pessimistic,Treptow-Köpenick,7,1881,124,1738,0.0659223817118554,1.4093416611368528,5.02837311258885,579.3333333333334,1158,4345.0
pessimistic,Treptow-Köpenick,8,1804,116,1667,0.06430155210643015,1.332537988086304,5.066601415879088,555.6666666666666,1111,4167.5
pessimistic,Treptow-Köpenick,9,1854,131,1698,0.07065803667745416,1.2831692494250542,5.1317198652686935,566.0,1132,4245.0
pessimistic,Marzahn-Hellersdorf,0,1811,136,1652,0.07509663169519602,1.5406249417371725,5.0195348512235585,550.6666666666666,1101,4130.0
pessimistic,Marzahn-Hellersdorf,1,1778,135,1624,0.07592800899887514,1.2709660580878124,5.034044318875224,541.3333333333334,1082,4060.0
pessimistic,Marzahn-Hellersdorf,2,1866,141,1692,0.07556270096463022,1.4350797039171665,4.962914090228931,564.0,1128,4230.0
pessimistic,Marzahn-Hellersdorf,3,1863,130,1704,0.06977992485238863,1.512917851210209,5.00496126694215,568.0,1136,4260.0
pessimistic,Marzahn-Hellersdorf,4,1776,129,1626,0.07263513513513513,1.3684394492834744,5.009444337283208,542.0,1084,4065.0
pessimistic,Marzahn-Hellersdorf,5,1833,139,1664,0.07583196944899072,1.2908688182478774,4.79519106601076,554.6666666666666,1109,4160.0
pessimistic,Marzahn-Hellersdorf,6,1850,131,1693,0.07081081081081081,1.683640723161836,5.011084098118284,564.3333333333334,1128,4232.5
pessimistic,Marzahn-Hellersdorf,7,1900,155,1724,0.08157894736842106,1.5821561355066347,5.224387405538051,574.6666666666666,1149,4310.0
pessimistic,Marzahn-Hellersdorf,8,1866,133,1696,0.07127545551982852,1.3323362360272926,4.871299967613563,565.3333333333334,1130,4240.0
pessimistic,Marzahn-Hellersdorf,9,1820,134,1667,0.07362637362637363,1.4246358246701725,5.364371828991984,555.6666666666666,1111,4167.5
pessimistic,Lichtenberg,0,1821,122,1668,0.06699615595826469,1.5183102489929101,4.992404262712393,556.0,1112,4170.0
pessimistic,Lichtenberg,1,1872,118,1731,0.06303418803418803,1.2325131211086922,4.857926469116756,577.0,1154,4327.5
pessimistic,Lichtenberg,2,1771,124,1620,0.07001693958215698,1.4758923105499209,4.991013030052267,540.0,1080,4050.0
pessimistic,Lichtenberg,3,1898,144,1729,0.07586933614330875,1.426539694866882,4.980527154880147,576.3333333333334,1152,4322.5
pessimistic,Lichtenberg,4,1904,154,1717,0.08088235294117647,1.4983508310267966,4.913881882942527,572.3333333333334,1144,4292.5
pessimistic,Lichtenberg,5,1846,142,1683,0.07692307692307693,1.5452563722791415,5.343866354905391,561.0,1122,4207.5
pessimistic,Lichtenberg,6,1789,128,1632,0.07154835103409726,1.546318578477254,4.956106866102015,544.0,1088,4080.0
pessimistic,Lichtenberg,7,1782,130,1632,0.07295173961840629,1.4626660984487778,4.9376828854039045,544.0,1088,4080.0
pessimistic,Lichtenberg,8,1789,141,1625,0.07881498043599776,1.3049755958578984,4.942035396564437,541.6666666666666,1083,4062.5
pessimistic,Lichtenberg,9,1813,130,1657,0.07170435741864313,1.263718698209621,4.960854333672458,552.3333333333334,1104,4142.5
pessimistic,Reinickendorf,0,1809,133,1662,0.07352128247650636,1.4604719094074552,4.9773802495319535,554.0,1108,4155.0
pessimistic,Reinickendorf,1,1852,138,1685,0.07451403887688984,1.4377187560967601,4.96859465535838,561.6666666666666,1123,4212.5
pessimistic,Reinickendorf,2,1768,110,1626,0.06221719457013575,1.1384436399354927,4.874900227405485,542.0,1084,4065.0
pessimistic,Reinickendorf,3,1871,124,1723,0.06627471940138963,1.3144227211900872,5.059386209678026,574.3333333333334,1148,4307.5
pessimistic,Reinickendorf,4,1871,143,1711,0.07642971672902191,1.3192249400979787,4.984624412997949,570.3333333333334,1140,4277.5
pessimistic,Reinickendorf,5,1795,118,1643,0.06573816155988858,1.4309304644333518,4.863199877848524,547.6666666666666,1095,4107.5
pessimistic,Reinickendorf,6,1751,116,1603,0.06624785836664764,1.5236669032503019,5.136291062469761,534.3333333333334,1068,4007.5
pessimistic,Reinickendorf,7,1764,135,1607,0.07653061224489796,1.623883049366713,5.070698347226726,535.6666666666666,1071,4017.5
pessimistic,Reinickendorf,8,1757,113,1626,0.064314171883893,1.3062592013114156,5.082801372838284,542.0,1084,4065.0
pessimistic,Reinickendorf,9,1823,129,1672,0.07076247942951179,1.3646232267154172,5.16891654137809,557.3333333333334,1114,4180.0
realistic,Mitte,0,1754,243,1498,0.13854047890535917,1.4399036239089904,4.946388448225147,499.3333333333333,998,3745.0
realistic,Mitte,1,1753,242,1493,0.13804905875641757,1.3577814247408422,4.672660713323011,497.6666666666667,995,3732.5
realistic,Mitte,2,1792,243,1520,0.13560267857142858,1.5351986198647407,5.042478606290702,506.6666666666667,1013,3800.0
realistic,Mitte,3,1877,267,1585,0.14224826851358552,1.545186111872771,4.963332988228692,528.3333333333334,1056,3962.5
realistic,Mitte,4,1778,209,1550,0.11754780652418448,1.4321251476907313,4.861071244563098,516.6666666666666,1033,3875.0
realistic,Mitte,5,1842,236,1585,0.1281216069489685,1.4448573292606621,4.924454862934226,528.3333333333334,1056,3962.5
realistic,Mitte,6,1780,213,1545,0.1196629213483146,1.4488886546615716,4.942031168702981,515.0,1030,3862.5
realistic,Mitte,7,1789,250,1519,0.13974287311347122,1.4028363053620259,4.73952436024895,506.3333333333333,1012,3797.5
realistic,Mitte,8,1837,230,1589,0.12520413718018508,1.4243188322260776,4.937240207297181,529.6666666666666,1059,3972.5
realistic,Mitte,9,1912,260,1637,0.13598326359832635,1.4308547408745815,4.839452027105885,545.6666666666666,1091,4092.5
realistic,Friedrichshain-Kreuzberg,0,1823,244,1556,0.13384530992868898,1.4041467662964229,4.860661945087331,518.6666666666666,1037,3890.0
realistic,Friedrichshain-Kreuzberg,1,1877,246,1606,0.13106020245071923,1.3858263326675944,4.993893097880048,535.3333333333334,1070,4015.0
realistic,Friedrichshain-Kreuzberg,2,1797,243,1529,0.1352253756260434,1.2712640324147644,4.9539355375770615,509.6666666666667,1019,3822.5
realistic,Friedrichshain-Kreuzberg,3,1833,253,1559,0.13802509547190397,1.5038215961178545,4.694241073772903,519.6666666666666,1039,3897.5
realistic,Friedrichshain-Kreuzberg,4,1785,238,1519,0.13333333333333333,1.5758628773375938,4.741935192106132,506.3333333333333,1012,3797.5
realistic,Friedrichshain-Kreuzberg,5,1817,254,1529,0.13979086406164007,1.3927743571930697,4.996434023446525,509.6666666666667,1019,3822.5
realistic,Friedrichshain-Kreuzberg,6,1931,262,1643,0.1356809943034697,1.5232135004158478,4.849668670029657,547.6666666666666,1095,4107.5
realistic,Friedrichshain-Kreuzberg,7,1845,238,1582,0.12899728997289972,1.41780953073115,4.821523977236934,527.3333333333334,1054,3955.0
realistic,Friedrichshain-Kreuzberg,8,1894,242,1632,0.12777191129883844,1.3138007776678247,4.786850629523518,544.0,1088,4080.0
realistic,Friedrichshain-Kreuzberg,9,1908,252,1629,0.1320754716981132,1.4410223342946737,4.878809821544481,543.0,1086,4072.5
realistic,Pankow,0,1860,222,1615,0.11935483870967742,1.2912537814337162,5.172012171714638,538.3333333333334,1076,4037.5
realistic,Pankow,1,1814,254,1529,0.14002205071664828,1.3470416676117514,4.942823986262366,509.6666666666667,1019,3822.5
realistic,Pankow,2,1842,250,1565,0.13572204125950055,1.38139779398898,4.682477407388662,521.6666666666666,1043,3912.5
realistic,Pankow,3,1831,244,1559,0.1332605133806663,1.5651219042496582,4.84135761939108,519.6666666666666,1039,3897.5
realistic,Pankow,4,1835,264,1544,0.1438692098092643,1.6024185156466988,4.762753940909145,514.6666666666666,1029,3860.0
realistic,Pankow,5,1793,266,1506,0.1483547127718907,1.4582354222156868,4.7245321822200665,502.0,1004,3765.0
realistic,Pankow,6,1845,221,1599,0.11978319783197831,1.3885080803924192,4.834763800016453,533.0,1066,3997.5
realistic,Pankow,7,1843,231,1600,0.12533912099837222,1.3416100655712595,4.798961180883355,533.3333333333334,1066,4000.0
realistic,Pankow,8,1821,254,1540,0.13948380010982978,1.3119098712822141,4.972545036323522,513.3333333333334,1026,3850.0
realistic,Pankow,9,1854,247,1571,0.1332254584681769,1.4496676193755968,4.885897354546762,523.6666666666666,1047,3927.5
realistic,Charlottenburg-Wilmersdorf,0,1824,232,1571,0.12719298245614036,1.5982341628033692,4.844215442341524,523.6666666666666,1047,3927.5
realistic,Charlottenburg-Wilmersdorf,1,1818,242,1551,0.1331133113311331,1.5745203293715584,4.89219530611617,517.0,1034,3877.5
realistic,Charlottenburg-Wilmersdorf,2,1743,228,1490,0.13080895008605853,1.3312922969561007,5.10056058152319,496.6666666666667,993,3725.0
realistic,Charlottenburg-Wilmersdorf,3,1844,217,1609,0.11767895878524946,1.4294222088816468,4.799727621212266,536.3333333333334,1072,4022.5
realistic,Charlottenburg-Wilmersdorf,4,1831,214,1600,0.11687602403058438,1.2427632243753546,5.045081136465253,533.3333333333334,1066,4000.0
realistic,Charlottenburg-Wilmersdorf,5,1779,208,1554,0.11691961776278809,1.3861593208018879,4.842032797357289,518.0,1036,3885.0
realistic,Charlottenburg-Wilmersdorf,6,1863,254,1580,0.13633923778851315,1.3935664933911587,4.853805341566235,526.6666666666666,1053,3950.0
realistic,Charlottenburg-Wilmersdorf,7,1841,248,1575,0.1347093970668115,1.4612992076316615,4.786969725045884,525.0,1050,3937.5
realistic,Charlottenburg-Wilmersdorf,8,1824,221,1582,0.12116228070175439,1.323948463974513,4.814875038498779,527.3333333333334,1054,3955.0
realistic,Charlottenburg-Wilmersdorf,9,1779,230,1525,0.12928611579539068,1.4975116399683543,5.0079705893727615,508.3333333333333,1016,3812.5
realistic,Spandau,0,1872,251,1594,0.13408119658119658,1.3402780716704479,4.914909732085792,531.3333333333334,1062,3985.0
realistic,Spandau,1,1843,246,1578,0.13347802495930547,1.493073567670063,4.999938824715046,526.0,1052,3945.0
realistic,Spandau,2,1838,245,1566,0.13329706202393907,1.461532149488427,4.961845008333147,522.0,1044,3915.0
realistic,Spandau,3,1777,209,1551,0.11761395610579628,1.520050001463728,4.863094938445795,517.0,1034,3877.5
realistic,Spandau,4,1846,234,1591,0.1267605633802817,1.4091402725192839,4.906312995770907,530.3333333333334,1060,3977.5
realistic,Spandau,5,1846,228,1596,0.12351029252437704,1.5169459204396056,4.892316305333724,532.0,1064,3990.0
realistic,Spandau,6,1872,231,1620,0.1233974358974359,1.4751404629360847,4.847260622623558,540.0,1080,4050.0
realistic,Spandau,7,1846,243,1582,0.13163596966413868,1.674315214644873,5.07129468884598,527.3333333333334,1054,3955.0
realistic,Spandau,8,1756,208,1529,0.11845102505694761,1.4855983964202584,4.712662808713191,509.6666666666667,1019,3822.5
realistic,Spandau,9,1845,238,1583,0.12899728997289972,1.3824273383798218,4.886158848296733,527.6666666666666,1055,3957.5
realistic,Steglitz-Zehlendorf,0,1771,217,1535,0.1225296442687747,1.4884149858006537,4.862404646407201,511.6666666666667,1023,3837.5
realistic,Steglitz-Zehlendorf,1,1886,241,1611,0.12778366914103922,1.4922505299064353,5.068365713305552,537.0,1074,4027.5
realistic,Steglitz-Zehlendorf,2,1862,230,1614,0.12352309344790548,1.361524206529279,4.816543840730316,538.0,1076,4035.0
realistic,Steglitz-Zehlendorf,3,1775,250,1508,0.14084507042253522,1.5090561375560656,4.921797097548578,502.6666666666667,1005,3770.0
realistic,Steglitz-Zehlendorf,4,1789,248,1524,0.13862493012856344,1.4026200631567927,4.73716315362459,508.0,1016,3810.0
realistic,Steglitz-Zehlendorf,5,1800,211,1559,0.11722222222222223,1.4524830991778817,4.610220551917316,519.6666666666666,1039,3897.5
realistic,Steglitz-Zehlendorf,6,1871,228,1614,0.12185996793158739,1.3506357719401942,4.818855951634887,538.0,1076,4035.0
realistic,Steglitz-Zehlendorf,7,1787,228,1537,0.12758813654169,1.4669377694280816,4.9333638255942756,512.3333333333334,1024,3842.5
realistic,Steglitz-Zehlendorf,8,1806,203,1576,0.1124031007751938,1.5519639992800687,4.866010670040079,525.3333333333334,1050,3940.0
realistic,Steglitz-Zehlendorf,9,1870,239,1612,0.12780748663101604,1.464160845733478,5.069216990647165,537.3333333333334,1074,4030.0
realistic,Tempelhof-Schöneberg,0,1741,234,1489,0.1344055140723722,1.324214315409522,4.715448755190217,496.3333333333333,992,3722.5
realistic,Tempelhof-Schöneberg,1,1814,246,1548,0.13561190738699008,1.3249734706689336,4.676275711911613,516.0,1032,3870.0
realistic,Tempelhof-Schöneberg,2,1842,249,1577,0.13517915309446255,1.5146425257281437,4.840698835943766,525.6666666666666,1051,3942.5
realistic,Tempelhof-Schöneberg,3,1856,250,1584,0.13469827586206898,1.4606714270510424,5.025718450879974,528.0,1056,3960.0
realistic,Tempelhof-Schöneberg,4,1788,221,1547,0.12360178970917227,1.5825833432006844,4.87267699575893,515.6666666666666,1031,3867.5
realistic,Tempelhof-Schöneberg,5,1939,269,1646,0.13873130479628676,1.4127377164733868,4.647676307041018,548.6666666666666,1097,4115.0
realistic,Tempelhof-Schöneberg,6,1900,241,1639,0.1268421052631579,1.5270221495724041,5.06816620420813,546.3333333333334,1092,4097.5
realistic,Tempelhof-Schöneberg,7,1718,243,1442,0.14144353899883585,1.3899578529083054,4.78767164642621,480.6666666666667,961,3605.0
realistic,Tempelhof-Schöneberg,8,1847,238,1584,0.12885760693015702,1.5905741646005283,4.799391585537247,528.0,1056,3960.0
realistic,Tempelhof-Schöneberg,9,1814,240,1553,0.13230429988974643,1.5982415490595294,4.841784197583401,517.6666666666666,1035,3882.5
realistic,Neukölln,0,1892,253,1622,0.13372093023255813,1.3684098821755446,4.7988492239159966,540.6666666666666,1081,4055.0
realistic,Neukölln,1,1817,231,1566,0.1271326362135388,1.3509336320622474,4.740908968359567,522.0,1044,3915.0
realistic,Neukölln,2,1888,239,1618,0.12658898305084745,1.4084974573215634,4.807248656869809,539.3333333333334,1078,4045.0
realistic,Neukölln,3,1864,237,1602,0.1271459227467811,1.3957994912982927,4.9768792564047235,534.0,1068,4005.0
realistic,Neukölln,4,1901,250,1627,0.1315097317201473,1.4736965383206446,4.849364462180136,542.3333333333334,1084,4067.5
realistic,Neukölln,5,1871,217,1635,0.11598075895243186,1.4987430634037608,4.717562574140318,545.0,1090,4087.5
realistic,Neukölln,6,1841,256,1571,0.13905486148832155,1.4973349483856517,4.82571545715461,523.6666666666666,1047,3927.5
realistic,Neukölln,7,1754,237,1493,0.13511972633979474,1.3806210701544945,4.744319203922308,497.6666666666667,995,3732.5
realistic,Neukölln,8,1830,251,1556,0.1371584699453552,1.3717752205558775,4.812073826128519,518.6666666666666,1037,3890.0
realistic,Neukölln,9,1891,259,1602,0.13696456901110524,1.3996202254310341,4.787118257630505,534.0,1068,4005.0
realistic,Treptow-Köpenick,0,1870,285,1569,0.15240641711229946,1.182571197060798,4.816373453221589,523.0,1046,3922.5
realistic,Treptow-Köpenick,1,1829,246,1564,0.1344997266265719,1.4334040340418173,4.834854785024001,521.3333333333334,1042,3910.0
realistic,Treptow-Köpenick,2,1797,190,1579,0.10573177518085698,1.4739094276936888,4.969263237629784,526.3333333333334,1052,3947.5
realistic,Treptow-Köpenick,3,1856,234,1594,0.12607758620689655,1.4318788123431296,4.8248737168399645,531.3333333333334,1062,3985.0
realistic,Treptow-Köpenick,4,1780,239,1515,0.13426966292134832,1.3795728494771968,4.840935459898498,505.0,1010,3787.5
realistic,Treptow-Köpenick,5,1835,235,1581,0.12806539509536785,1.499222914636026,4.8362972629277925,527.0,1054,3952.5
realistic,Treptow-Köpenick,6,1738,218,1502,0.12543153049482164,1.6315119228874586,4.824166212454306,500.6666666666667,1001,3755.0
realistic,Treptow-Köpenick,7,1768,233,1508,0.13178733031674209,1.2991873400362695,4.882193593172012,502.6666666666667,1005,3770.0
realistic,Treptow-Köpenick,8,1836,250,1567,0.13616557734204793,1.375196122483364,4.930315010456205,522.3333333333334,1044,3917.5
realistic,Treptow-Köpenick,9,1848,241,1583,0.13041125541125542,1.48531244004788,5.041960219056257,527.6666666666666,1055,3957.5
realistic,Marzahn-Hellersdorf,0,1843,255,1563,0.13836136733586543,1.3957726104747565,4.94497845300022,521.0,1042,3907.5
realistic,Marzahn-Hellersdorf,1,1781,216,1546,0.12128017967434025,1.4946862386769217,5.001616450696825,515.3333333333334,1030,3865.0
realistic,Marzahn-Hellersdorf,2,1728,253,1460,0.14641203703703703,1.5043134024620992,4.5548559422360295,486.6666666666667,973,3650.0
realistic,Marzahn-Hellersdorf,3,1892,237,1632,0.12526427061310783,1.4854245153733203,4.937290109822664,544.0,1088,4080.0
realistic,Marzahn-Hellersdorf,4,1917,262,1638,0.1366718831507564,1.3381379256866994,4.851849775811752,546.0,1092,4095.0
realistic,Marzahn-Hellersdorf,5,1833,254,1555,0.13857064920894707,1.4370579168037412,4.743343686159518,518.3333333333334,1036,3887.5
realistic,Marzahn-Hellersdorf,6,1841,256,1556,0.13905486148832155,1.4411660035645393,4.72620792645508,518.6666666666666,1037,3890.0
realistic,Marzahn-Hellersdorf,7,1805,241,1547,0.1335180055401662,1.5441379071873684,4.874415231228941,515.6666666666666,1031,3867.5
realistic,Marzahn-Hellersdorf,8,1833,247,1561,0.1347517730496454,1.4016184622844283,4.98001640234451,520.3333333333334,1040,3902.5
realistic,Marzahn-Hellersdorf,9,1838,238,1575,0.1294885745375408,1.5165909894760783,4.942449370520989,525.0,1050,3937.5
realistic,Lichtenberg,0,1718,223,1477,0.129802095459837,1.5142629036246313,4.7248593184195276,492.3333333333333,984,3692.5
realistic,Lichtenberg,1,1795,244,1537,0.13593314763231198,1.4449877048982405,4.816714955393923,512.3333333333334,1024,3842.5
realistic,Lichtenberg,2,1890,251,1617,0.1328042328042328,1.4353170048606483,4.680009032659092,539.0,1078,4042.5
realistic,Lichtenberg,3,1809,226,1561,0.12493090105030404,1.4716884397936065,4.867215748208545,520.3333333333334,1040,3902.5
realistic,Lichtenberg,4,1815,251,1540,0.13829201101928373,1.456516961307546,4.827174942286368,513.3333333333334,1026,3850.0
realistic,Lichtenberg,5,1885,269,1587,0.1427055702917772,1.5351793075661073,4.8235042186982735,529.0,1058,3967.5
realistic,Lichtenberg,6,1812,265,1520,0.14624724061810154,1.4039751720318678,4.947215046885762,506.6666666666667,1013,3800.0
realistic,Lichtenberg,7,1771,251,1495,0.1417278373800113,1.3964804098488826,5.076353811331728,498.3333333333333,996,3737.5
realistic,Lichtenberg,8,1775,252,1498,0.14197183098591548,1.3879236051078714,5.129174821592879,499.3333333333333,998,3745.0
realistic,Lichtenberg,9,1877,269,1592,0.14331379861481086,1.2846607879770788,4.982297824606735,530.6666666666666,1061,3980.0
realistic,Reinickendorf,0,1837,222,1597,0.12084921066956995,1.3739989036311167,4.9965262024459784,532.3333333333334,1064,3992.5
realistic,Reinickendorf,1,1817,251,1539,0.13813979086406164,1.495908018621179,4.774214665341292,513.0,1026,3847.5
realistic,Reinickendorf,2,1862,247,1594,0.1326530612244898,1.2572612908041414,4.644694807349622,531.3333333333334,1062,3985.0
realistic,Reinickendorf,3,1802,243,1539,0.13485016648168702,1.340815409520067,4.848317333719088,513.0,1026,3847.5
realistic,Reinickendorf,4,1827,234,1574,0.12807881773399016,1.4752058694990604,4.934958437211819,524.6666666666666,1049,3935.0
realistic,Reinickendorf,5,1839,214,1602,0.11636759108210984,1.460280336044848,4.827745124619789,534.0,1068,4005.0
realistic,Reinickendorf,6,1843,256,1568,0.138903960933261,1.526164095829655,4.806071163076578,522.6666666666666,1045,3920.0
realistic,Reinickendorf,7,1768,245,1504,0.13857466063348417,1.4842513397050934,4.874182878269685,501.3333333333333,1002,3760.0
realistic,Reinickendorf,8,1855,256,1584,0.13800539083557953,1.398200746567627,4.730421462210568,528.0,1056,3960.0
realistic,Reinickendorf,9,1802,260,1514,0.14428412874583796,1.5449198787533576,5.101842832539545,504.6666666666667,1009,3785.0
optimistic,Mitte,0,1824,350,1448,0.19188596491228072,1.6813458100978413,4.798804113889483,482.6666666666667,965,3620.0
optimistic,Mitte,1,1831,375,1431,0.20480611687602404,1.389702102386634,4.938928608815408,477.0,954,3577.5
optimistic,Mitte,2,1864,367,1477,0.1968884120171674,1.3263086553916765,4.422418594205595,492.3333333333333,984,3692.5
optimistic,Mitte,3,1789,350,1418,0.1956400223588597,1.4477969633297934,4.841301020531841,472.6666666666667,945,3545.0
optimistic,Mitte,4,1790,356,1416,0.19888268156424582,1.4047000245607077,4.65647200345787,472.0,944,3540.0
optimistic,Mitte,5,1793,330,1445,0.18404907975460122,1.470322192198216,4.706978354411293,481.6666666666667,963,3612.5
optimistic,Mitte,6,1872,364,1495,0.19444444444444445,1.4704246136937142,4.976062947781734,498.3333333333333,996,3737.5
optimistic,Mitte,7,1902,397,1492,0.20872765509989485,1.5340853732114967,4.554724286650471,497.3333333333333,994,3730.0
optimistic,Mitte,8,1787,316,1450,0.17683268047006157,1.5349790356931778,4.495029504444895,483.3333333333333,966,3625.0
optimistic,Mitte,9,1823,369,1439,0.20241360394953373,1.4302470736812922,4.799498596896771,479.6666666666667,959,3597.5
optimistic,Friedrichshain-Kreuzberg,0,1796,362,1410,0.20155902004454343,1.5079131566071837,4.613657565689659,470.0,940,3525.0
optimistic,Friedrichshain-Kreuzberg,1,1810,322,1472,0.17790055248618786,1.396808565454855,4.882235318856888,490.6666666666667,981,3680.0
optimistic,Friedrichshain-Kreuzberg,2,1821,339,1459,0.18616144975288304,1.4432714015830326,4.838077924375055,486.3333333333333,972,3647.5
optimistic,Friedrichshain-Kreuzberg,3,1828,328,1473,0.17943107221006566,1.5315053813419959,4.788886788465625,491.0,982,3682.5
optimistic,Friedrichshain-Kreuzberg,4,1801,346,1433,0.19211549139367018,1.4625624397328902,4.780084805564627,477.6666666666667,955,3582.5
optimistic,Friedrichshain-Kreuzberg,5,1830,373,1430,0.20382513661202187,1.4226656665499704,4.898509400591625,476.6666666666667,953,3575.0
optimistic,Friedrichshain-Kreuzberg,6,1788,385,1379,0.21532438478747204,1.383846476363605,4.859016938666369,459.6666666666667,919,3447.5
optimistic,Friedrichshain-Kreuzberg,7,1789,364,1404,0.20346562325321407,1.2932977766127596,4.47054403148266,468.0,936,3510.0
optimistic,Friedrichshain-Kreuzberg,8,1833,378,1443,0.20621931260229132,1.3052118941903876,4.679328614450043,481.0,962,3607.5
optimistic,Friedrichshain-Kreuzberg,9,1792,312,1462,0.17410714285714285,1.3630270098743131,4.765355921832501,487.3333333333333,974,3655.0
optimistic,Pankow,0,1824,333,1469,0.1825657894736842,1.532986679840359,4.642162363756572,489.6666666666667,979,3672.5
optimistic,Pankow,1,1794,364,1405,0.2028985507246377,1.4246178606412625,4.661187421952301,468.3333333333333,936,3512.5
optimistic,Pankow,2,1802,363,1426,0.20144284128745837,1.494087454274977,4.676534185831821,475.3333333333333,950,3565.0
optimistic,Pankow,3,1857,340,1490,0.1830910070005385,1.337149659084549,4.620177386477482,496.6666666666667,993,3725.0
optimistic,Pankow,4,1855,391,1442,0.21078167115902965,1.3099503187030566,4.68577939417223,480.6666666666667,961,3605.0
optimistic,Pankow,5,1806,388,1400,0.21483942414174972,1.5042580439178108,4.806205387026705,466.6666666666667,933,3500.0
optimistic,Pankow,6,1798,372,1413,0.20689655172413793,1.4408153028154913,4.697751477645228,471.0,942,3532.5
optimistic,Pankow,7,1799,386,1396,0.21456364647026124,1.5700601900255735,4.785578835981541,465.3333333333333,930,3490.0
optimistic,Pankow,8,1820,374,1422,0.20549450549450549,1.5506756763404246,4.755804841571427,474.0,948,3555.0
optimistic,Pankow,9,1782,371,1392,0.20819304152637486,1.2945933996730241,4.504397499042223,464.0,928,3480.0
optimistic,Charlottenburg-Wilmersdorf,0,1805,379,1406,0.20997229916897506,1.3708814847311912,4.76923539962059,468.6666666666667,937,3515.0
optimistic,Charlottenburg-Wilmersdorf,1,1780,354,1400,0.19887640449438201,1.4557665460966709,4.721983074653708,466.6666666666667,933,3500.0
optimistic,Charlottenburg-Wilmersdorf,2,1819,343,1461,0.188565145684442,1.4163579704597358,4.761534948773852,487.0,974,3652.5
optimistic,Charlottenburg-Wilmersdorf,3,1876,365,1496,0.19456289978678037,1.4685369305275382,4.713362079847211,498.6666666666667,997,3740.0
optimistic,Charlottenburg-Wilmersdorf,4,1861,382,1462,0.20526598602901666,1.4771107053671253,4.778398143733875,487.3333333333333,974,3655.0
optimistic,Charlottenburg-Wilmersdorf,5,1921,336,1565,0.17490890161374284,1.3905176090794409,4.822449762557338,521.6666666666666,1043,3912.5
optimistic,Charlottenburg-Wilmersdorf,6,1769,335,1419,0.18937252685132844,1.4552271396610903,4.728658450095711,473.0,946,3547.5
optimistic,Charlottenburg-Wilmersdorf,7,1803,327,1453,0.18136439267886856,1.4434475144792795,4.6725427597923,484.3333333333333,968,3632.5
optimistic,Charlottenburg-Wilmersdorf,8,1775,324,1431,0.18253521126760563,1.3732898410477685,4.6360098162695635,477.0,954,3577.5
optimistic,Charlottenburg-Wilmersdorf,9,1864,355,1488,0.19045064377682402,1.3796478481449994,4.6252862258558896,496.0,992,3720.0
optimistic,Spandau,0,1805,339,1437,0.18781163434903048,1.347324331735312,4.675749420408277,479.0,958,3592.5
optimistic,Spandau,1,1824,361,1449,0.19791666666666666,1.2868749668451331,4.774324473821557,483.0,966,3622.5
optimistic,Spandau,2,1906,352,1530,0.18467995802728226,1.3130449379387006,4.696419066817799,510.0,1020,3825.0
optimistic,Spandau,3,1762,349,1388,0.19807037457434734,1.4537109758840048,4.449848470031049,462.6666666666667,925,3470.0
optimistic,Spandau,4,1867,327,1520,0.17514729512587038,1.3583844478229457,4.997393799269838,506.6666666666667,1013,3800.0
optimistic,Spandau,5,1863,316,1528,0.16961889425657542,1.4780762656959348,4.439994591558494,509.3333333333333,1018,3820.0
optimistic,Spandau,6,1801,362,1420,0.20099944475291504,1.4080385139725569,4.864847701961869,473.3333333333333,946,3550.0
optimistic,Spandau,7,1815,347,1450,0.19118457300275482,1.363611336527696,4.701292566380344,483.3333333333333,966,3625.0
optimistic,Spandau,8,1823,379,1431,0.20789906747120132,1.3807878030664027,4.718440533391572,477.0,954,3577.5
optimistic,Spandau,9,1821,334,1474,0.18341570565623283,1.3981390708973296,4.572470642495189,491.3333333333333,982,3685.0
optimistic,Steglitz-Zehlendorf,0,1876,362,1495,0.1929637526652452,1.4458495166466363,4.8854804995071905,498.3333333333333,996,3737.5
optimistic,Steglitz-Zehlendorf,1,1875,369,1483,0.1968,1.5011752629767219,4.8130167551044245,494.3333333333333,988,3707.5
optimistic,Steglitz-Zehlendorf,2,1907,374,1512,0.19611955951756685,1.285692192460512,4.923460518865078,504.0,1008,3780.0
optimistic,Steglitz-Zehlendorf,3,1807,290,1497,0.1604869950193691,1.333735265921175,4.7975376455774486,499.0,998,3742.5
optimistic,Steglitz-Zehlendorf,4,1811,383,1405,0.21148536720044175,1.3656992574488296,4.7852173193277,468.3333333333333,936,3512.5
optimistic,Steglitz-Zehlendorf,5,1869,380,1466,0.20331728196896737,1.388347631441657,4.567070786036394,488.6666666666667,977,3665.0
optimistic,Steglitz-Zehlendorf,6,1865,348,1497,0.1865951742627346,1.4526960532158426,4.673525699298821,499.0,998,3742.5
optimistic,Steglitz-Zehlendorf,7,1821,334,1469,0.18341570565623283,1.2959429037515384,4.595562957767681,489.6666666666667,979,3672.5
optimistic,Steglitz-Zehlendorf,8,1808,333,1454,0.18418141592920353,1.368164708078539,4.805619974903931,484.6666666666667,969,3635.0
optimistic,Steglitz-Zehlendorf,9,1802,330,1455,0.18312985571587126,1.532553182236573,4.636255936761443,485.0,970,3637.5
optimistic,Tempelhof-Schöneberg,0,1881,356,1501,0.18926103136629452,1.409375144890914,4.628123270614126,500.3333333333333,1000,3752.5
optimistic,Tempelhof-Schöneberg,1,1855,350,1484,0.18867924528301888,1.4730811494943041,4.836139271732985,494.6666666666667,989,3710.0
optimistic,Tempelhof-Schöneberg,2,1801,338,1454,0.18767351471404775,1.404243091569772,4.74427646756475,484.6666666666667,969,3635.0
optimistic,Tempelhof-Schöneberg,3,1833,351,1456,0.19148936170212766,1.3577971946681622,4.788206921148412,485.3333333333333,970,3640.0
optimistic,Tempelhof-Schöneberg,4,1755,329,1405,0.18746438746438746,1.3903926304489942,4.790540386145487,468.3333333333333,936,3512.5
optimistic,Tempelhof-Schöneberg,5,1757,348,1392,0.19806488332384747,1.4873090529753088,4.488845046427535,464.0,928,3480.0
optimistic,Tempelhof-Schöneberg,6,1866,389,1457,0.20846730975348338,1.4820338461838907,4.511005755458337,485.6666666666667,971,3642.5
optimistic,Tempelhof-Schöneberg,7,1779,370,1388,0.20798201236649802,1.4243559733739393,4.549571941320068,462.6666666666667,925,3470.0
optimistic,Tempelhof-Schöneberg,8,1874,369,1491,0.19690501600853788,1.5192638862291992,4.706202477541378,497.0,994,3727.5
optimistic,Tempelhof-Schöneberg,9,1797,305,1466,0.16972732331663884,1.2749665880030168,4.7609814491858655,488.6666666666667,977,3665.0
optimistic,Neukölln,0,1866,369,1474,0.1977491961414791,1.5122720296774395,4.692602580167038,491.3333333333333,982,3685.0
optimistic,Neukölln,1,1809,328,1452,0.18131564400221117,1.4353038005896217,4.91516093755734,484.0,968,3630.0
optimistic,Neukölln,2,1809,353,1439,0.1951354339414041,1.3544995183042765,4.6208384196816406,479.6666666666667,959,3597.5
optimistic,Neukölln,3,1784,359,1405,0.20123318385650224,1.3382551634700028,4.76595027261316,468.3333333333333,936,3512.5
optimistic,Neukölln,4,1801,342,1436,0.18989450305385897,1.4302686292185673,4.861128908007513,478.6666666666667,957,3590.0
optimistic,Neukölln,5,1799,356,1415,0.19788771539744301,1.5104712592293927,4.719720932862297,471.6666666666667,943,3537.5
optimistic,Neukölln,6,1759,358,1386,0.20352472996020465,1.4277908949921818,4.6615318919878925,462.0,924,3465.0
optimistic,Neukölln,7,1796,350,1424,0.19487750556792874,1.412418191519777,4.818018042918425,474.6666666666667,949,3560.0
optimistic,Neukölln,8,1795,352,1423,0.19610027855153203,1.4048780466107091,4.748086633588045,474.3333333333333,948,3557.5
optimistic,Neukölln,9,1812,318,1470,0.17549668874172186,1.3484594390499152,4.93313615302448,490.0,980,3675.0
optimistic,Treptow-Köpenick,0,1848,346,1478,0.18722943722943722,1.2498400034047636,4.775264732908153,492.6666666666667,985,3695.0
optimistic,Treptow-Köpenick,1,1868,375,1471,0.2007494646680942,1.4315573218363613,4.75958869079641,490.3333333333333,980,3677.5
optimistic,Treptow-Köpenick,2,1819,352,1446,0.19351291918636612,1.4538265331600346,4.632887332654307,482.0,964,3615.0
optimistic,Treptow-Köpenick,3,1849,374,1461,0.20227149810708492,1.635119954679675,4.757595392963333,487.0,974,3652.5
optimistic,Treptow-Köpenick,4,1810,338,1448,0.1867403314917127,1.3085030050483124,4.740227902263623,482.6666666666667,965,3620.0
optimistic,Treptow-Köpenick,5,1804,360,1425,0.19955654101995565,1.414532850416157,4.734924592046458,475.0,950,3562.5
optimistic,Treptow-Köpenick,6,1859,352,1486,0.1893491124260355,1.4344287103263007,4.78790412806629,495.3333333333333,990,3715.0
optimistic,Treptow-Köpenick,7,1816,352,1440,0.19383259911894274,1.3908639941100838,4.639235309342321,480.0,960,3600.0
optimistic,Treptow-Köpenick,8,1844,352,1472,0.19088937093275488,1.6421972758796708,4.800837157181124,490.6666666666667,981,3680.0
optimistic,Treptow-Köpenick,9,1801,352,1428,0.195446973903387,1.4679861293517424,4.980939765676944,476.0,952,3570.0
optimistic,Marzahn-Hellersdorf,0,1796,342,1429,0.19042316258351893,1.4132250433274662,4.743754078990488,476.3333333333333,952,3572.5
optimistic,Marzahn-Hellersdorf,1,1825,378,1426,0.20712328767123286,1.377434736198773,4.797508809411221,475.3333333333333,950,3565.0
optimistic,Marzahn-Hellersdorf,2,1755,358,1377,0.203988603988604,1.5194210592899162,4.92528052252872,459.0,918,3442.5
optimistic,Marzahn-Hellersdorf,3,1845,359,1463,0.194579945799458,1.3165453401769136,4.704618064012415,487.6666666666667,975,3657.5
optimistic,Marzahn-Hellersdorf,4,1868,349,1493,0.18683083511777301,1.3612492837990124,4.594249223875132,497.6666666666667,995,3732.5
optimistic,Marzahn-Hellersdorf,5,1812,307,1478,0.16942604856512142,1.5119538483940462,4.921215098015269,492.6666666666667,985,3695.0
optimistic,Marzahn-Hellersdorf,6,1874,401,1454,0.21398078975453574,1.3614430414254193,4.661087857407173,484.6666666666667,969,3635.0
optimistic,Marzahn-Hellersdorf,7,1819,347,1442,0.19076415612974162,1.3171691286151987,4.742944363199011,480.6666666666667,961,3605.0
optimistic,Marzahn-Hellersdorf,8,1834,364,1447,0.1984732824427481,1.4635303246425262,4.645387089213005,482.3333333333333,964,3617.5
optimistic,Marzahn-Hellersdorf,9,1816,331,1460,0.18226872246696035,1.5128208946940078,4.598016998413168,486.6666666666667,973,3650.0
optimistic,Lichtenberg,0,1864,366,1479,0.1963519313304721,1.480573016538819,4.6190281809484866,493.0,986,3697.5
optimistic,Lichtenberg,1,1837,325,1489,0.1769188894937398,1.2803779351815288,4.975612828414723,496.3333333333333,992,3722.5
optimistic,Lichtenberg,2,1848,343,1492,0.1856060606060606,1.5085552666130477,4.671808431861294,497.3333333333333,994,3730.0
optimistic,Lichtenberg,3,1771,385,1366,0.21739130434782608,1.434935826703768,4.632398813293515,455.3333333333333,910,3415.0
optimistic,Lichtenberg,4,1813,356,1437,0.1963596249310535,1.3174930586747977,4.8309849970204874,479.0,958,3592.5
optimistic,Lichtenberg,5,1793,343,1430,0.1912994980479643,1.36725184025075,4.982199714406979,476.6666666666667,953,3575.0
optimistic,Lichtenberg,6,1848,387,1441,0.20941558441558442,1.446691723766408,4.5186767890397075,480.3333333333333,960,3602.5
optimistic,Lichtenberg,7,1794,319,1456,0.1778149386845039,1.5886290056385493,4.835205086897371,485.3333333333333,970,3640.0
optimistic,Lichtenberg,8,1823,363,1440,0.1991223258365332,1.4172949313706065,4.86306723430282,480.0,960,3600.0
optimistic,Lichtenberg,9,1865,371,1477,0.19892761394101877,1.4909423254113243,4.590730347388786,492.3333333333333,984,3692.5
optimistic,Reinickendorf,0,1856,365,1467,0.1966594827586207,1.3691854731108604,4.6212145081856875,489.0,978,3667.5
optimistic,Reinickendorf,1,1859,361,1480,0.19419042495965572,1.408373980946102,4.491299084287432,493.3333333333333,986,3700.0
optimistic,Reinickendorf,2,1798,311,1461,0.17296996662958844,1.558809572440623,4.754023566674863,487.0,974,3652.5
optimistic,Reinickendorf,3,1868,352,1494,0.18843683083511778,1.540360626728467,4.723095037306127,498.0,996,3735.0
optimistic,Reinickendorf,4,1831,335,1480,0.1829601310759148,1.416731899934155,5.009965470243874,493.3333333333333,986,3700.0
optimistic,Reinickendorf,5,1801,342,1441,0.18989450305385897,1.3175397220946514,4.477341745019578,480.3333333333333,960,3602.5
optimistic,Reinickendorf,6,1808,367,1429,0.2029867256637168,1.4154421216514192,4.587035970785572,476.3333333333333,952,3572.5
optimistic,Reinickendorf,7,1859,339,1495,0.18235610543302852,1.4274309570373842,4.368678198957545,498.3333333333333,996,3737.5
optimistic,Reinickendorf,8,1864,345,1495,0.18508583690987124,1.3370344486412427,4.795760970816605,498.3333333333333,996,3737.5
optimistic,Reinickendorf,9,1826,359,1444,0.19660460021905804,1.304507181361507,4.79405946530693,481.3333333333333,962,3610.0
